{"cameraMode":{"drawMode":0,"name":"Shaded","section":"Shading Mode"},"sceneLighting":false,"audioPlay":false,"sceneViewState":{"showFog":false,"showMaterialUpdate":false,"showSkybox":false,"showFlares":false,"showImageEffects":false,"showParticleSystems":false},"in2DMode":false,"pivot":{"x":-0.27005183696746828,"y":1.9668817520141602,"z":10.34037971496582},"rotation":{"x":-0.06464774906635285,"y":0.060434818267822269,"z":-0.003921801224350929,"w":-0.9960687756538391},"size":28.652069091796876,"orthographic":false}